Spell 1;Spell 2;Fusionsspell;ID;Gold;Mindestlevel
Wirbelhieb;Schildwall;Wirbelhieb · Schildwall;1000;1000;8
Wirbelhieb;Sturmsprung;Wirbelhieb · Sturmsprung;1001;1200;12
Wirbelhieb;Klingenwelle;Wirbelhieb · Klingenwelle;1003;1350;15
Wirbelhieb;Kampfschrei;Wirbelhieb · Kampfschrei;1006;750;3
Wirbelhieb;Erdspalter;Wirbelhieb · Erdspalter;1010;1500;18
Wirbelhieb;Lebensraub;Wirbelhieb · Lebensraub;1015;850;5
Wirbelhieb;Klingenregen;Wirbelhieb · Klingenregen;1021;1750;23
Wirbelhieb;Eiserne Haut;Wirbelhieb · Eiserne Haut;1028;950;7
Wirbelhieb;Frostschlag;Wirbelhieb · Frostschlag;1066;2000;28
Wirbelhieb;Blitzkette;Wirbelhieb · Blitzkette;1078;2300;34
Wirbelhieb;Giftklinge;Wirbelhieb · Giftklinge;1091;2350;35
Wirbelhieb;Feuerball;Flammenwirbel;40;1200;15
Wirbelhieb;Frostnova;Wirbelhieb · Frostnova;1136;1000;8
Wirbelhieb;Blitzlanze;Wirbelhieb · Blitzlanze;1153;1200;12
Wirbelhieb;Rissnova;Wirbelhieb · Rissnova;1171;1350;15
Wirbelhieb;Sternenfunken;Wirbelhieb · Sternenfunken;1190;1500;18
Wirbelhieb;Eisschild;Wirbelhieb · Eisschild;1210;1750;23
Wirbelhieb;Meteorschauer;Wirbelhieb · Meteorschauer;1231;2000;28
Wirbelhieb;Elementarwirbel;Wirbelhieb · Elementarwirbel;1253;2300;34
Wirbelhieb;Präzisionsschuss;Wirbelhieb · Präzisionsschuss;1300;750;3
Wirbelhieb;Mehrfachschuss;Wirbelhieb · Mehrfachschuss;1325;1000;8
Wirbelhieb;Giftpfeil;Wirbelhieb · Giftpfeil;1378;1350;15
Wirbelhieb;Frostpfeil;Wirbelhieb · Frostpfeil;1406;1500;18
Wirbelhieb;Blitzpfeil;Wirbelhieb · Blitzpfeil;1435;1750;23
Wirbelhieb;Pfeilhagel;Wirbelhieb · Pfeilhagel;1465;2000;28
Wirbelhieb;Falkenruf;Wirbelhieb · Falkenruf;1496;2300;34
Wirbelhieb;Impulsschuss;Wirbelhieb · Impulsschuss;1561;750;3
Wirbelhieb;Reparaturmodul;Wirbelhieb · Reparaturmodul;1595;1000;8
Wirbelhieb;Energieschild;Wirbelhieb · Energieschild;1630;1200;12
Wirbelhieb;Teslawelle;Wirbelhieb · Teslawelle;1666;1350;15
Wirbelhieb;Zielmatrix;Wirbelhieb · Zielmatrix;1703;1500;18
Wirbelhieb;EMP-Stoß;Wirbelhieb · EMP-Stoß;1741;1750;23
Schildwall;Sturmsprung;Schildwall · Sturmsprung;1002;1200;12
Schildwall;Klingenwelle;Schildwall · Klingenwelle;1004;1350;15
Schildwall;Kampfschrei;Schildwall · Kampfschrei;1007;1000;8
Schildwall;Erdspalter;Schildwall · Erdspalter;1011;1500;18
Schildwall;Lebensraub;Schildwall · Lebensraub;1016;1000;8
Schildwall;Klingenregen;Schildwall · Klingenregen;1022;1750;23
Schildwall;Eiserne Haut;Schildwall · Eiserne Haut;1029;1000;8
Schildwall;Frostschlag;Schildwall · Frostschlag;1067;2000;28
Schildwall;Blitzkette;Schildwall · Blitzkette;1079;2300;34
Schildwall;Giftklinge;Schildwall · Giftklinge;1092;2350;35
Schildwall;Feuerball;Schildwall · Feuerball;1121;1000;8
Schildwall;Frostnova;Schildwall · Frostnova;1137;1000;8
Schildwall;Blitzlanze;Schildwall · Blitzlanze;1154;1200;12
Schildwall;Rissnova;Schildwall · Rissnova;1172;1350;15
Schildwall;Sternenfunken;Schildwall · Sternenfunken;1191;1500;18
Schildwall;Eisschild;Schildwall · Eisschild;1211;1750;23
Schildwall;Meteorschauer;Schildwall · Meteorschauer;1232;2000;28
Schildwall;Elementarwirbel;Schildwall · Elementarwirbel;1254;2300;34
Schildwall;Präzisionsschuss;Schildwall · Präzisionsschuss;1301;1000;8
Schildwall;Mehrfachschuss;Schildwall · Mehrfachschuss;1326;1000;8
Schildwall;Giftpfeil;Schildwall · Giftpfeil;1379;1350;15
Schildwall;Frostpfeil;Schildwall · Frostpfeil;1407;1500;18
Schildwall;Blitzpfeil;Schildwall · Blitzpfeil;1436;1750;23
Schildwall;Pfeilhagel;Schildwall · Pfeilhagel;1466;2000;28
Schildwall;Falkenruf;Schildwall · Falkenruf;1497;2300;34
Schildwall;Impulsschuss;Schildwall · Impulsschuss;1562;1000;8
Schildwall;Reparaturmodul;Schildwall · Reparaturmodul;1596;1000;8
Schildwall;Energieschild;Reaktorwall;41;2200;15
Schildwall;Teslawelle;Schildwall · Teslawelle;1667;1350;15
Schildwall;Zielmatrix;Schildwall · Zielmatrix;1704;1500;18
Schildwall;EMP-Stoß;Schildwall · EMP-Stoß;1742;1750;23
Sturmsprung;Klingenwelle;Sturmsprung · Klingenwelle;1005;1350;15
Sturmsprung;Kampfschrei;Sturmsprung · Kampfschrei;1008;1200;12
Sturmsprung;Erdspalter;Sturmsprung · Erdspalter;1012;1500;18
Sturmsprung;Lebensraub;Sturmsprung · Lebensraub;1017;1200;12
Sturmsprung;Klingenregen;Sturmsprung · Klingenregen;1023;1750;23
Sturmsprung;Eiserne Haut;Sturmsprung · Eiserne Haut;1030;1200;12
Sturmsprung;Frostschlag;Sturmsprung · Frostschlag;1068;2000;28
Sturmsprung;Blitzkette;Sturmsprung · Blitzkette;1080;2300;34
Sturmsprung;Giftklinge;Sturmsprung · Giftklinge;1093;2350;35
Sturmsprung;Feuerball;Sturmsprung · Feuerball;1122;1200;12
Sturmsprung;Frostnova;Sturmsprung · Frostnova;1138;1200;12
Sturmsprung;Blitzlanze;Sturmsprung · Blitzlanze;1155;1200;12
Sturmsprung;Rissnova;Sturmsprung · Rissnova;1173;1350;15
Sturmsprung;Sternenfunken;Sturmsprung · Sternenfunken;1192;1500;18
Sturmsprung;Eisschild;Sturmsprung · Eisschild;1212;1750;23
Sturmsprung;Meteorschauer;Sturmsprung · Meteorschauer;1233;2000;28
Sturmsprung;Elementarwirbel;Sturmsprung · Elementarwirbel;1255;2300;34
Sturmsprung;Präzisionsschuss;Sturmsprung · Präzisionsschuss;1302;1200;12
Sturmsprung;Mehrfachschuss;Sturmsprung · Mehrfachschuss;1327;1200;12
Sturmsprung;Giftpfeil;Sturmsprung · Giftpfeil;1380;1350;15
Sturmsprung;Frostpfeil;Sturmsprung · Frostpfeil;1408;1500;18
Sturmsprung;Blitzpfeil;Sturmsprung · Blitzpfeil;1437;1750;23
Sturmsprung;Pfeilhagel;Sturmsprung · Pfeilhagel;1467;2000;28
Sturmsprung;Falkenruf;Sturmsprung · Falkenruf;1498;2300;34
Sturmsprung;Impulsschuss;Sturmsprung · Impulsschuss;1563;1200;12
Sturmsprung;Reparaturmodul;Sturmsprung · Reparaturmodul;1597;1200;12
Sturmsprung;Energieschild;Sturmsprung · Energieschild;1632;1200;12
Sturmsprung;Teslawelle;Sturmsprung · Teslawelle;1668;1350;15
Sturmsprung;Zielmatrix;Sturmsprung · Zielmatrix;1705;1500;18
Sturmsprung;EMP-Stoß;Sturmsprung · EMP-Stoß;1743;1750;23
Klingenwelle;Kampfschrei;Klingenwelle · Kampfschrei;1009;1350;15
Klingenwelle;Erdspalter;Klingenwelle · Erdspalter;1013;1500;18
Klingenwelle;Lebensraub;Klingenwelle · Lebensraub;1018;1350;15
Klingenwelle;Klingenregen;Klingenwelle · Klingenregen;1024;1750;23
Klingenwelle;Eiserne Haut;Klingenwelle · Eiserne Haut;1031;1350;15
Klingenwelle;Frostschlag;Klingenwelle · Frostschlag;1069;2000;28
Klingenwelle;Blitzkette;Klingenwelle · Blitzkette;1081;2300;34
Klingenwelle;Giftklinge;Klingenwelle · Giftklinge;1094;2350;35
Klingenwelle;Feuerball;Klingenwelle · Feuerball;1123;1350;15
Klingenwelle;Frostnova;Klingenwelle · Frostnova;1139;1350;15
Klingenwelle;Blitzlanze;Klingenwelle · Blitzlanze;1156;1350;15
Klingenwelle;Rissnova;Klingenwelle · Rissnova;1174;1350;15
Klingenwelle;Sternenfunken;Klingenwelle · Sternenfunken;1193;1500;18
Klingenwelle;Eisschild;Klingenwelle · Eisschild;1213;1750;23
Klingenwelle;Meteorschauer;Klingenwelle · Meteorschauer;1234;2000;28
Klingenwelle;Elementarwirbel;Klingenwelle · Elementarwirbel;1256;2300;34
Klingenwelle;Präzisionsschuss;Klingenwelle · Präzisionsschuss;1303;1350;15
Klingenwelle;Mehrfachschuss;Klingenwelle · Mehrfachschuss;1328;1350;15
Klingenwelle;Giftpfeil;Klingenwelle · Giftpfeil;1381;1350;15
Klingenwelle;Frostpfeil;Klingenwelle · Frostpfeil;1409;1500;18
Klingenwelle;Blitzpfeil;Klingenwelle · Blitzpfeil;1438;1750;23
Klingenwelle;Pfeilhagel;Klingenwelle · Pfeilhagel;1468;2000;28
Klingenwelle;Falkenruf;Klingenwelle · Falkenruf;1499;2300;34
Klingenwelle;Impulsschuss;Klingenwelle · Impulsschuss;1564;1350;15
Klingenwelle;Reparaturmodul;Klingenwelle · Reparaturmodul;1598;1350;15
Klingenwelle;Energieschild;Klingenwelle · Energieschild;1633;1350;15
Klingenwelle;Teslawelle;Klingenwelle · Teslawelle;1669;1350;15
Klingenwelle;Zielmatrix;Klingenwelle · Zielmatrix;1706;1500;18
Klingenwelle;EMP-Stoß;Klingenwelle · EMP-Stoß;1744;1750;23
Kampfschrei;Erdspalter;Kampfschrei · Erdspalter;1014;1500;18
Kampfschrei;Lebensraub;Kampfschrei · Lebensraub;1019;850;5
Kampfschrei;Klingenregen;Kampfschrei · Klingenregen;1025;1750;23
Kampfschrei;Eiserne Haut;Kampfschrei · Eiserne Haut;1032;950;7
Kampfschrei;Frostschlag;Kampfschrei · Frostschlag;1070;2000;28
Kampfschrei;Blitzkette;Kampfschrei · Blitzkette;1082;2300;34
Kampfschrei;Giftklinge;Kampfschrei · Giftklinge;1095;2350;35
Kampfschrei;Feuerball;Kampfschrei · Feuerball;1124;750;3
Kampfschrei;Frostnova;Kampfschrei · Frostnova;1140;1000;8
Kampfschrei;Blitzlanze;Kampfschrei · Blitzlanze;1157;1200;12
Kampfschrei;Rissnova;Kampfschrei · Rissnova;1175;1350;15
Kampfschrei;Sternenfunken;Kampfschrei · Sternenfunken;1194;1500;18
Kampfschrei;Eisschild;Kampfschrei · Eisschild;1214;1750;23
Kampfschrei;Meteorschauer;Kampfschrei · Meteorschauer;1235;2000;28
Kampfschrei;Elementarwirbel;Kampfschrei · Elementarwirbel;1257;2300;34
Kampfschrei;Präzisionsschuss;Kampfschrei · Präzisionsschuss;1304;750;3
Kampfschrei;Mehrfachschuss;Kampfschrei · Mehrfachschuss;1329;1000;8
Kampfschrei;Giftpfeil;Kampfschrei · Giftpfeil;1382;1350;15
Kampfschrei;Frostpfeil;Kampfschrei · Frostpfeil;1410;1500;18
Kampfschrei;Blitzpfeil;Kampfschrei · Blitzpfeil;1439;1750;23
Kampfschrei;Pfeilhagel;Kampfschrei · Pfeilhagel;1469;2000;28
Kampfschrei;Falkenruf;Kampfschrei · Falkenruf;1500;2300;34
Kampfschrei;Impulsschuss;Kampfschrei · Impulsschuss;1565;750;3
Kampfschrei;Reparaturmodul;Kampfschrei · Reparaturmodul;1599;1000;8
Kampfschrei;Energieschild;Kampfschrei · Energieschild;1634;1200;12
Kampfschrei;Teslawelle;Kampfschrei · Teslawelle;1670;1350;15
Kampfschrei;Zielmatrix;Kampfschrei · Zielmatrix;1707;1500;18
Kampfschrei;EMP-Stoß;Kampfschrei · EMP-Stoß;1745;1750;23
Erdspalter;Lebensraub;Erdspalter · Lebensraub;1020;1500;18
Erdspalter;Klingenregen;Erdspalter · Klingenregen;1026;1750;23
Erdspalter;Eiserne Haut;Erdspalter · Eiserne Haut;1033;1500;18
Erdspalter;Frostschlag;Erdspalter · Frostschlag;1071;2000;28
Erdspalter;Blitzkette;Erdspalter · Blitzkette;1083;2300;34
Erdspalter;Giftklinge;Erdspalter · Giftklinge;1096;2350;35
Erdspalter;Feuerball;Erdspalter · Feuerball;1125;1500;18
Erdspalter;Frostnova;Erdspalter · Frostnova;1141;1500;18
Erdspalter;Blitzlanze;Erdspalter · Blitzlanze;1158;1500;18
Erdspalter;Rissnova;Erdspalter · Rissnova;1176;1500;18
Erdspalter;Sternenfunken;Erdspalter · Sternenfunken;1195;1500;18
Erdspalter;Eisschild;Erdspalter · Eisschild;1215;1750;23
Erdspalter;Meteorschauer;Erdspalter · Meteorschauer;1236;2000;28
Erdspalter;Elementarwirbel;Erdspalter · Elementarwirbel;1258;2300;34
Erdspalter;Präzisionsschuss;Erdspalter · Präzisionsschuss;1305;1500;18
Erdspalter;Mehrfachschuss;Erdspalter · Mehrfachschuss;1330;1500;18
Erdspalter;Giftpfeil;Erdspalter · Giftpfeil;1383;1500;18
Erdspalter;Frostpfeil;Erdspalter · Frostpfeil;1411;1500;18
Erdspalter;Blitzpfeil;Erdspalter · Blitzpfeil;1440;1750;23
Erdspalter;Pfeilhagel;Erdspalter · Pfeilhagel;1470;2000;28
Erdspalter;Falkenruf;Erdspalter · Falkenruf;1501;2300;34
Erdspalter;Impulsschuss;Erdspalter · Impulsschuss;1566;1500;18
Erdspalter;Reparaturmodul;Erdspalter · Reparaturmodul;1600;1500;18
Erdspalter;Energieschild;Erdspalter · Energieschild;1635;1500;18
Erdspalter;Teslawelle;Erdspalter · Teslawelle;1671;1500;18
Erdspalter;Zielmatrix;Erdspalter · Zielmatrix;1708;1500;18
Erdspalter;EMP-Stoß;Erdspalter · EMP-Stoß;1746;1750;23
Lebensraub;Klingenregen;Lebensraub · Klingenregen;1027;1750;23
Lebensraub;Eiserne Haut;Lebensraub · Eiserne Haut;1034;950;7
Lebensraub;Frostschlag;Lebensraub · Frostschlag;1072;2000;28
Lebensraub;Blitzkette;Lebensraub · Blitzkette;1084;2300;34
Lebensraub;Giftklinge;Lebensraub · Giftklinge;1097;2350;35
Lebensraub;Feuerball;Lebensraub · Feuerball;1126;850;5
Lebensraub;Frostnova;Lebensraub · Frostnova;1142;1000;8
Lebensraub;Blitzlanze;Lebensraub · Blitzlanze;1159;1200;12
Lebensraub;Rissnova;Lebensraub · Rissnova;1177;1350;15
Lebensraub;Sternenfunken;Lebensraub · Sternenfunken;1196;1500;18
Lebensraub;Eisschild;Lebensraub · Eisschild;1216;1750;23
Lebensraub;Meteorschauer;Lebensraub · Meteorschauer;1237;2000;28
Lebensraub;Elementarwirbel;Lebensraub · Elementarwirbel;1259;2300;34
Lebensraub;Präzisionsschuss;Lebensraub · Präzisionsschuss;1306;850;5
Lebensraub;Mehrfachschuss;Lebensraub · Mehrfachschuss;1331;1000;8
Lebensraub;Giftpfeil;Lebensraub · Giftpfeil;1384;1350;15
Lebensraub;Frostpfeil;Lebensraub · Frostpfeil;1412;1500;18
Lebensraub;Blitzpfeil;Lebensraub · Blitzpfeil;1441;1750;23
Lebensraub;Pfeilhagel;Lebensraub · Pfeilhagel;1471;2000;28
Lebensraub;Falkenruf;Lebensraub · Falkenruf;1502;2300;34
Lebensraub;Impulsschuss;Lebensraub · Impulsschuss;1567;850;5
Lebensraub;Reparaturmodul;Lebensraub · Reparaturmodul;1601;1000;8
Lebensraub;Energieschild;Lebensraub · Energieschild;1636;1200;12
Lebensraub;Teslawelle;Lebensraub · Teslawelle;1672;1350;15
Lebensraub;Zielmatrix;Lebensraub · Zielmatrix;1709;1500;18
Lebensraub;EMP-Stoß;Lebensraub · EMP-Stoß;1747;1750;23
Klingenregen;Eiserne Haut;Klingenregen · Eiserne Haut;1035;1750;23
Klingenregen;Frostschlag;Klingenregen · Frostschlag;1073;2000;28
Klingenregen;Blitzkette;Klingenregen · Blitzkette;1085;2300;34
Klingenregen;Giftklinge;Klingenregen · Giftklinge;1098;2350;35
Klingenregen;Feuerball;Klingenregen · Feuerball;1127;1750;23
Klingenregen;Frostnova;Klingenregen · Frostnova;1143;1750;23
Klingenregen;Blitzlanze;Klingenregen · Blitzlanze;1160;1750;23
Klingenregen;Rissnova;Klingenregen · Rissnova;1178;1750;23
Klingenregen;Sternenfunken;Klingenregen · Sternenfunken;1197;1750;23
Klingenregen;Eisschild;Klingenregen · Eisschild;1217;1750;23
Klingenregen;Meteorschauer;Klingenregen · Meteorschauer;1238;2000;28
Klingenregen;Elementarwirbel;Klingenregen · Elementarwirbel;1260;2300;34
Klingenregen;Präzisionsschuss;Klingenregen · Präzisionsschuss;1307;1750;23
Klingenregen;Mehrfachschuss;Klingenregen · Mehrfachschuss;1332;1750;23
Klingenregen;Giftpfeil;Klingenregen · Giftpfeil;1385;1750;23
Klingenregen;Frostpfeil;Klingenregen · Frostpfeil;1413;1750;23
Klingenregen;Blitzpfeil;Klingenregen · Blitzpfeil;1442;1750;23
Klingenregen;Pfeilhagel;Klingenregen · Pfeilhagel;1472;2000;28
Klingenregen;Falkenruf;Klingenregen · Falkenruf;1503;2300;34
Klingenregen;Impulsschuss;Klingenregen · Impulsschuss;1568;1750;23
Klingenregen;Reparaturmodul;Klingenregen · Reparaturmodul;1602;1750;23
Klingenregen;Energieschild;Klingenregen · Energieschild;1637;1750;23
Klingenregen;Teslawelle;Klingenregen · Teslawelle;1673;1750;23
Klingenregen;Zielmatrix;Klingenregen · Zielmatrix;1710;1750;23
Klingenregen;EMP-Stoß;Klingenregen · EMP-Stoß;1748;1750;23
Eiserne Haut;Frostschlag;Eiserne Haut · Frostschlag;1074;2000;28
Eiserne Haut;Blitzkette;Eiserne Haut · Blitzkette;1086;2300;34
Eiserne Haut;Giftklinge;Eiserne Haut · Giftklinge;1099;2350;35
Eiserne Haut;Feuerball;Eiserne Haut · Feuerball;1128;950;7
Eiserne Haut;Frostnova;Eiserne Haut · Frostnova;1144;1000;8
Eiserne Haut;Blitzlanze;Eiserne Haut · Blitzlanze;1161;1200;12
Eiserne Haut;Rissnova;Eiserne Haut · Rissnova;1179;1350;15
Eiserne Haut;Sternenfunken;Eiserne Haut · Sternenfunken;1198;1500;18
Eiserne Haut;Eisschild;Eiserne Haut · Eisschild;1218;1750;23
Eiserne Haut;Meteorschauer;Eiserne Haut · Meteorschauer;1239;2000;28
Eiserne Haut;Elementarwirbel;Eiserne Haut · Elementarwirbel;1261;2300;34
Eiserne Haut;Präzisionsschuss;Eiserne Haut · Präzisionsschuss;1308;950;7
Eiserne Haut;Mehrfachschuss;Eiserne Haut · Mehrfachschuss;1333;1000;8
Eiserne Haut;Giftpfeil;Eiserne Haut · Giftpfeil;1386;1350;15
Eiserne Haut;Frostpfeil;Eiserne Haut · Frostpfeil;1414;1500;18
Eiserne Haut;Blitzpfeil;Eiserne Haut · Blitzpfeil;1443;1750;23
Eiserne Haut;Pfeilhagel;Eiserne Haut · Pfeilhagel;1473;2000;28
Eiserne Haut;Falkenruf;Eiserne Haut · Falkenruf;1504;2300;34
Eiserne Haut;Impulsschuss;Eiserne Haut · Impulsschuss;1569;950;7
Eiserne Haut;Reparaturmodul;Eiserne Haut · Reparaturmodul;1603;1000;8
Eiserne Haut;Energieschild;Eiserne Haut · Energieschild;1638;1200;12
Eiserne Haut;Teslawelle;Eiserne Haut · Teslawelle;1674;1350;15
Eiserne Haut;Zielmatrix;Eiserne Haut · Zielmatrix;1711;1500;18
Eiserne Haut;EMP-Stoß;Eiserne Haut · EMP-Stoß;1749;1750;23
Frostschlag;Blitzkette;Frostschlag · Blitzkette;1090;2300;34
Frostschlag;Giftklinge;Frostschlag · Giftklinge;1103;2350;35
Frostschlag;Feuerball;Frostschlag · Feuerball;1132;2000;28
Frostschlag;Frostnova;Frostschlag · Frostnova;1148;2000;28
Frostschlag;Blitzlanze;Frostschlag · Blitzlanze;1165;2000;28
Frostschlag;Rissnova;Frostschlag · Rissnova;1183;2000;28
Frostschlag;Sternenfunken;Frostschlag · Sternenfunken;1202;2000;28
Frostschlag;Eisschild;Frostschlag · Eisschild;1222;2000;28
Frostschlag;Meteorschauer;Frostschlag · Meteorschauer;1243;2000;28
Frostschlag;Elementarwirbel;Frostschlag · Elementarwirbel;1265;2300;34
Frostschlag;Präzisionsschuss;Frostschlag · Präzisionsschuss;1312;2000;28
Frostschlag;Mehrfachschuss;Frostschlag · Mehrfachschuss;1337;2000;28
Frostschlag;Giftpfeil;Frostschlag · Giftpfeil;1390;2000;28
Frostschlag;Frostpfeil;Frostschlag · Frostpfeil;1418;2000;28
Frostschlag;Blitzpfeil;Frostschlag · Blitzpfeil;1447;2000;28
Frostschlag;Pfeilhagel;Frostschlag · Pfeilhagel;1477;2000;28
Frostschlag;Falkenruf;Frostschlag · Falkenruf;1508;2300;34
Frostschlag;Impulsschuss;Frostschlag · Impulsschuss;1573;2000;28
Frostschlag;Reparaturmodul;Frostschlag · Reparaturmodul;1607;2000;28
Frostschlag;Energieschild;Frostschlag · Energieschild;1642;2000;28
Frostschlag;Teslawelle;Frostschlag · Teslawelle;1678;2000;28
Frostschlag;Zielmatrix;Frostschlag · Zielmatrix;1715;2000;28
Frostschlag;EMP-Stoß;Frostschlag · EMP-Stoß;1753;2000;28
Blitzkette;Giftklinge;Blitzkette · Giftklinge;1104;2350;35
Blitzkette;Feuerball;Blitzkette · Feuerball;1133;2300;34
Blitzkette;Frostnova;Blitzkette · Frostnova;1149;2300;34
Blitzkette;Blitzlanze;Blitzkette · Blitzlanze;1166;2300;34
Blitzkette;Rissnova;Blitzkette · Rissnova;1184;2300;34
Blitzkette;Sternenfunken;Blitzkette · Sternenfunken;1203;2300;34
Blitzkette;Eisschild;Blitzkette · Eisschild;1223;2300;34
Blitzkette;Meteorschauer;Blitzkette · Meteorschauer;1244;2300;34
Blitzkette;Elementarwirbel;Blitzkette · Elementarwirbel;1266;2300;34
Blitzkette;Präzisionsschuss;Blitzkette · Präzisionsschuss;1313;2300;34
Blitzkette;Mehrfachschuss;Blitzkette · Mehrfachschuss;1338;2300;34
Blitzkette;Giftpfeil;Blitzkette · Giftpfeil;1391;2300;34
Blitzkette;Frostpfeil;Blitzkette · Frostpfeil;1419;2300;34
Blitzkette;Blitzpfeil;Blitzkette · Blitzpfeil;1448;2300;34
Blitzkette;Pfeilhagel;Blitzkette · Pfeilhagel;1478;2300;34
Blitzkette;Falkenruf;Blitzkette · Falkenruf;1509;2300;34
Blitzkette;Impulsschuss;Blitzkette · Impulsschuss;1574;2300;34
Blitzkette;Reparaturmodul;Blitzkette · Reparaturmodul;1608;2300;34
Blitzkette;Energieschild;Blitzkette · Energieschild;1643;2300;34
Blitzkette;Teslawelle;Blitzkette · Teslawelle;1679;2300;34
Blitzkette;Zielmatrix;Blitzkette · Zielmatrix;1716;2300;34
Blitzkette;EMP-Stoß;Blitzkette · EMP-Stoß;1754;2300;34
Giftklinge;Feuerball;Giftklinge · Feuerball;1134;2350;35
Giftklinge;Frostnova;Giftklinge · Frostnova;1150;2350;35
Giftklinge;Blitzlanze;Giftklinge · Blitzlanze;1167;2350;35
Giftklinge;Rissnova;Giftklinge · Rissnova;1185;2350;35
Giftklinge;Sternenfunken;Giftklinge · Sternenfunken;1204;2350;35
Giftklinge;Eisschild;Giftklinge · Eisschild;1224;2350;35
Giftklinge;Meteorschauer;Giftklinge · Meteorschauer;1245;2350;35
Giftklinge;Elementarwirbel;Giftklinge · Elementarwirbel;1267;2350;35
Giftklinge;Präzisionsschuss;Giftklinge · Präzisionsschuss;1314;2350;35
Giftklinge;Mehrfachschuss;Giftklinge · Mehrfachschuss;1339;2350;35
Giftklinge;Giftpfeil;Giftklinge · Giftpfeil;1392;2350;35
Giftklinge;Frostpfeil;Giftklinge · Frostpfeil;1420;2350;35
Giftklinge;Blitzpfeil;Giftklinge · Blitzpfeil;1449;2350;35
Giftklinge;Pfeilhagel;Giftklinge · Pfeilhagel;1479;2350;35
Giftklinge;Falkenruf;Giftklinge · Falkenruf;1510;2350;35
Giftklinge;Impulsschuss;Giftklinge · Impulsschuss;1575;2350;35
Giftklinge;Reparaturmodul;Giftklinge · Reparaturmodul;1609;2350;35
Giftklinge;Energieschild;Giftklinge · Energieschild;1644;2350;35
Giftklinge;Teslawelle;Giftklinge · Teslawelle;1680;2350;35
Giftklinge;Zielmatrix;Giftklinge · Zielmatrix;1717;2350;35
Giftklinge;EMP-Stoß;Giftklinge · EMP-Stoß;1755;2350;35
Feuerball;Frostnova;Feuerball · Frostnova;1152;1000;8
Feuerball;Blitzlanze;Feuerball · Blitzlanze;1169;1200;12
Feuerball;Rissnova;Feuerball · Rissnova;1187;1350;15
Feuerball;Sternenfunken;Feuerball · Sternenfunken;1206;1500;18
Feuerball;Eisschild;Feuerball · Eisschild;1226;1750;23
Feuerball;Meteorschauer;Feuerball · Meteorschauer;1247;2000;28
Feuerball;Elementarwirbel;Feuerball · Elementarwirbel;1269;2300;34
Feuerball;Präzisionsschuss;Feuerball · Präzisionsschuss;1316;750;3
Feuerball;Mehrfachschuss;Feuerball · Mehrfachschuss;1341;1000;8
Feuerball;Giftpfeil;Feuerball · Giftpfeil;1394;1350;15
Feuerball;Frostpfeil;Feuerball · Frostpfeil;1422;1500;18
Feuerball;Blitzpfeil;Feuerball · Blitzpfeil;1451;1750;23
Feuerball;Pfeilhagel;Feuerball · Pfeilhagel;1481;2000;28
Feuerball;Falkenruf;Feuerball · Falkenruf;1512;2300;34
Feuerball;Impulsschuss;Feuerball · Impulsschuss;1577;750;3
Feuerball;Reparaturmodul;Feuerball · Reparaturmodul;1611;1000;8
Feuerball;Energieschild;Feuerball · Energieschild;1646;1200;12
Feuerball;Teslawelle;Feuerball · Teslawelle;1682;1350;15
Feuerball;Zielmatrix;Feuerball · Zielmatrix;1719;1500;18
Feuerball;EMP-Stoß;Feuerball · EMP-Stoß;1757;1750;23
Frostnova;Blitzlanze;Eisball;43;1800;12
Frostnova;Rissnova;Frostnova · Rissnova;1188;1350;15
Frostnova;Sternenfunken;Frostnova · Sternenfunken;1207;1500;18
Frostnova;Eisschild;Frostnova · Eisschild;1227;1750;23
Frostnova;Meteorschauer;Frostnova · Meteorschauer;1248;2000;28
Frostnova;Elementarwirbel;Frostnova · Elementarwirbel;1270;2300;34
Frostnova;Präzisionsschuss;Frostnova · Präzisionsschuss;1317;1000;8
Frostnova;Mehrfachschuss;Frostnova · Mehrfachschuss;1342;1000;8
Frostnova;Giftpfeil;Frostnova · Giftpfeil;1395;1350;15
Frostnova;Frostpfeil;Frostnova · Frostpfeil;1423;1500;18
Frostnova;Blitzpfeil;Frostnova · Blitzpfeil;1452;1750;23
Frostnova;Pfeilhagel;Frostnova · Pfeilhagel;1482;2000;28
Frostnova;Falkenruf;Frostnova · Falkenruf;1513;2300;34
Frostnova;Impulsschuss;Frostnova · Impulsschuss;1578;1000;8
Frostnova;Reparaturmodul;Frostnova · Reparaturmodul;1612;1000;8
Frostnova;Energieschild;Frostnova · Energieschild;1647;1200;12
Frostnova;Teslawelle;Frostnova · Teslawelle;1683;1350;15
Frostnova;Zielmatrix;Frostnova · Zielmatrix;1720;1500;18
Frostnova;EMP-Stoß;Frostnova · EMP-Stoß;1758;1750;23
Blitzlanze;Rissnova;Blitzlanze · Rissnova;1189;1350;15
Blitzlanze;Sternenfunken;Blitzlanze · Sternenfunken;1208;1500;18
Blitzlanze;Eisschild;Blitzlanze · Eisschild;1228;1750;23
Blitzlanze;Meteorschauer;Blitzlanze · Meteorschauer;1249;2000;28
Blitzlanze;Elementarwirbel;Blitzlanze · Elementarwirbel;1271;2300;34
Blitzlanze;Präzisionsschuss;Blitzlanze · Präzisionsschuss;1318;1200;12
Blitzlanze;Mehrfachschuss;Blitzlanze · Mehrfachschuss;1343;1200;12
Blitzlanze;Giftpfeil;Blitzlanze · Giftpfeil;1396;1350;15
Blitzlanze;Frostpfeil;Blitzlanze · Frostpfeil;1424;1500;18
Blitzlanze;Blitzpfeil;Blitzlanze · Blitzpfeil;1453;1750;23
Blitzlanze;Pfeilhagel;Blitzlanze · Pfeilhagel;1483;2000;28
Blitzlanze;Falkenruf;Blitzlanze · Falkenruf;1514;2300;34
Blitzlanze;Impulsschuss;Blitzlanze · Impulsschuss;1579;1200;12
Blitzlanze;Reparaturmodul;Blitzlanze · Reparaturmodul;1613;1200;12
Blitzlanze;Energieschild;Blitzlanze · Energieschild;1648;1200;12
Blitzlanze;Teslawelle;Blitzkern;42;4200;23
Blitzlanze;Zielmatrix;Blitzlanze · Zielmatrix;1721;1500;18
Blitzlanze;EMP-Stoß;Blitzlanze · EMP-Stoß;1759;1750;23
Rissnova;Sternenfunken;Rissnova · Sternenfunken;1209;1500;18
Rissnova;Eisschild;Rissnova · Eisschild;1229;1750;23
Rissnova;Meteorschauer;Rissnova · Meteorschauer;1250;2000;28
Rissnova;Elementarwirbel;Rissnova · Elementarwirbel;1272;2300;34
Rissnova;Präzisionsschuss;Rissnova · Präzisionsschuss;1319;1350;15
Rissnova;Mehrfachschuss;Rissnova · Mehrfachschuss;1344;1350;15
Rissnova;Giftpfeil;Rissnova · Giftpfeil;1397;1350;15
Rissnova;Frostpfeil;Rissnova · Frostpfeil;1425;1500;18
Rissnova;Blitzpfeil;Rissnova · Blitzpfeil;1454;1750;23
Rissnova;Pfeilhagel;Rissnova · Pfeilhagel;1484;2000;28
Rissnova;Falkenruf;Rissnova · Falkenruf;1515;2300;34
Rissnova;Impulsschuss;Rissnova · Impulsschuss;1580;1350;15
Rissnova;Reparaturmodul;Rissnova · Reparaturmodul;1614;1350;15
Rissnova;Energieschild;Rissnova · Energieschild;1649;1350;15
Rissnova;Teslawelle;Rissnova · Teslawelle;1685;1350;15
Rissnova;Zielmatrix;Rissnova · Zielmatrix;1722;1500;18
Rissnova;EMP-Stoß;Rissnova · EMP-Stoß;1760;1750;23
Sternenfunken;Eisschild;Sternenfunken · Eisschild;1230;1750;23
Sternenfunken;Meteorschauer;Sternenfunken · Meteorschauer;1251;2000;28
Sternenfunken;Elementarwirbel;Sternenfunken · Elementarwirbel;1273;2300;34
Sternenfunken;Präzisionsschuss;Sternenfunken · Präzisionsschuss;1320;1500;18
Sternenfunken;Mehrfachschuss;Sternenfunken · Mehrfachschuss;1345;1500;18
Sternenfunken;Giftpfeil;Sternenfunken · Giftpfeil;1398;1500;18
Sternenfunken;Frostpfeil;Sternenfunken · Frostpfeil;1426;1500;18
Sternenfunken;Blitzpfeil;Sternenfunken · Blitzpfeil;1455;1750;23
Sternenfunken;Pfeilhagel;Sternenfunken · Pfeilhagel;1485;2000;28
Sternenfunken;Falkenruf;Sternenfunken · Falkenruf;1516;2300;34
Sternenfunken;Impulsschuss;Sternenfunken · Impulsschuss;1581;1500;18
Sternenfunken;Reparaturmodul;Sternenfunken · Reparaturmodul;1615;1500;18
Sternenfunken;Energieschild;Sternenfunken · Energieschild;1650;1500;18
Sternenfunken;Teslawelle;Sternenfunken · Teslawelle;1686;1500;18
Sternenfunken;Zielmatrix;Sternenfunken · Zielmatrix;1723;1500;18
Sternenfunken;EMP-Stoß;Sternenfunken · EMP-Stoß;1761;1750;23
Eisschild;Meteorschauer;Eisschild · Meteorschauer;1252;2000;28
Eisschild;Elementarwirbel;Eisschild · Elementarwirbel;1274;2300;34
Eisschild;Präzisionsschuss;Eisschild · Präzisionsschuss;1321;1750;23
Eisschild;Mehrfachschuss;Eisschild · Mehrfachschuss;1346;1750;23
Eisschild;Giftpfeil;Eisschild · Giftpfeil;1399;1750;23
Eisschild;Frostpfeil;Eisschild · Frostpfeil;1427;1750;23
Eisschild;Blitzpfeil;Eisschild · Blitzpfeil;1456;1750;23
Eisschild;Pfeilhagel;Eisschild · Pfeilhagel;1486;2000;28
Eisschild;Falkenruf;Eisschild · Falkenruf;1517;2300;34
Eisschild;Impulsschuss;Eisschild · Impulsschuss;1582;1750;23
Eisschild;Reparaturmodul;Eisschild · Reparaturmodul;1616;1750;23
Eisschild;Energieschild;Eisschild · Energieschild;1651;1750;23
Eisschild;Teslawelle;Eisschild · Teslawelle;1687;1750;23
Eisschild;Zielmatrix;Eisschild · Zielmatrix;1724;1750;23
Eisschild;EMP-Stoß;Eisschild · EMP-Stoß;1762;1750;23
Meteorschauer;Elementarwirbel;Meteorschauer · Elementarwirbel;1275;2300;34
Meteorschauer;Präzisionsschuss;Meteorschauer · Präzisionsschuss;1322;2000;28
Meteorschauer;Mehrfachschuss;Meteorschauer · Mehrfachschuss;1347;2000;28
Meteorschauer;Giftpfeil;Meteorschauer · Giftpfeil;1400;2000;28
Meteorschauer;Frostpfeil;Meteorschauer · Frostpfeil;1428;2000;28
Meteorschauer;Blitzpfeil;Meteorschauer · Blitzpfeil;1457;2000;28
Meteorschauer;Pfeilhagel;Meteorschauer · Pfeilhagel;1487;2000;28
Meteorschauer;Falkenruf;Meteorschauer · Falkenruf;1518;2300;34
Meteorschauer;Impulsschuss;Meteorschauer · Impulsschuss;1583;2000;28
Meteorschauer;Reparaturmodul;Meteorschauer · Reparaturmodul;1617;2000;28
Meteorschauer;Energieschild;Meteorschauer · Energieschild;1652;2000;28
Meteorschauer;Teslawelle;Meteorschauer · Teslawelle;1688;2000;28
Meteorschauer;Zielmatrix;Meteorschauer · Zielmatrix;1725;2000;28
Meteorschauer;EMP-Stoß;Meteorschauer · EMP-Stoß;1763;2000;28
Elementarwirbel;Präzisionsschuss;Elementarwirbel · Präzisionsschuss;1323;2300;34
Elementarwirbel;Mehrfachschuss;Elementarwirbel · Mehrfachschuss;1348;2300;34
Elementarwirbel;Giftpfeil;Elementarwirbel · Giftpfeil;1401;2300;34
Elementarwirbel;Frostpfeil;Elementarwirbel · Frostpfeil;1429;2300;34
Elementarwirbel;Blitzpfeil;Elementarwirbel · Blitzpfeil;1458;2300;34
Elementarwirbel;Pfeilhagel;Elementarwirbel · Pfeilhagel;1488;2300;34
Elementarwirbel;Falkenruf;Elementarwirbel · Falkenruf;1519;2300;34
Elementarwirbel;Impulsschuss;Elementarwirbel · Impulsschuss;1584;2300;34
Elementarwirbel;Reparaturmodul;Elementarwirbel · Reparaturmodul;1618;2300;34
Elementarwirbel;Energieschild;Elementarwirbel · Energieschild;1653;2300;34
Elementarwirbel;Teslawelle;Elementarwirbel · Teslawelle;1689;2300;34
Elementarwirbel;Zielmatrix;Elementarwirbel · Zielmatrix;1726;2300;34
Elementarwirbel;EMP-Stoß;Elementarwirbel · EMP-Stoß;1764;2300;34
Präzisionsschuss;Mehrfachschuss;Präzisionsschuss · Mehrfachschuss;1350;1000;8
Präzisionsschuss;Giftpfeil;Präzisionsschuss · Giftpfeil;1403;1350;15
Präzisionsschuss;Frostpfeil;Präzisionsschuss · Frostpfeil;1431;1500;18
Präzisionsschuss;Blitzpfeil;Präzisionsschuss · Blitzpfeil;1460;1750;23
Präzisionsschuss;Pfeilhagel;Präzisionsschuss · Pfeilhagel;1490;2000;28
Präzisionsschuss;Falkenruf;Präzisionsschuss · Falkenruf;1521;2300;34
Präzisionsschuss;Impulsschuss;Präzisionsschuss · Impulsschuss;1586;750;3
Präzisionsschuss;Reparaturmodul;Präzisionsschuss · Reparaturmodul;1620;1000;8
Präzisionsschuss;Energieschild;Präzisionsschuss · Energieschild;1655;1200;12
Präzisionsschuss;Teslawelle;Präzisionsschuss · Teslawelle;1691;1350;15
Präzisionsschuss;Zielmatrix;Präzisionsschuss · Zielmatrix;1728;1500;18
Präzisionsschuss;EMP-Stoß;Präzisionsschuss · EMP-Stoß;1766;1750;23
Mehrfachschuss;Giftpfeil;Mehrfachschuss · Giftpfeil;1404;1350;15
Mehrfachschuss;Frostpfeil;Mehrfachschuss · Frostpfeil;1432;1500;18
Mehrfachschuss;Blitzpfeil;Mehrfachschuss · Blitzpfeil;1461;1750;23
Mehrfachschuss;Pfeilhagel;Mehrfachschuss · Pfeilhagel;1491;2000;28
Mehrfachschuss;Falkenruf;Mehrfachschuss · Falkenruf;1522;2300;34
Mehrfachschuss;Impulsschuss;Mehrfachschuss · Impulsschuss;1587;1000;8
Mehrfachschuss;Reparaturmodul;Mehrfachschuss · Reparaturmodul;1621;1000;8
Mehrfachschuss;Energieschild;Mehrfachschuss · Energieschild;1656;1200;12
Mehrfachschuss;Teslawelle;Mehrfachschuss · Teslawelle;1692;1350;15
Mehrfachschuss;Zielmatrix;Mehrfachschuss · Zielmatrix;1729;1500;18
Mehrfachschuss;EMP-Stoß;Mehrfachschuss · EMP-Stoß;1767;1750;23
Giftpfeil;Frostpfeil;Giftpfeil · Frostpfeil;1434;1500;18
Giftpfeil;Blitzpfeil;Giftpfeil · Blitzpfeil;1463;1750;23
Giftpfeil;Pfeilhagel;Giftpfeil · Pfeilhagel;1493;2000;28
Giftpfeil;Falkenruf;Giftpfeil · Falkenruf;1524;2300;34
Giftpfeil;Impulsschuss;Giftpfeil · Impulsschuss;1589;1350;15
Giftpfeil;Reparaturmodul;Giftpfeil · Reparaturmodul;1623;1350;15
Giftpfeil;Energieschild;Giftpfeil · Energieschild;1658;1350;15
Giftpfeil;Teslawelle;Giftpfeil · Teslawelle;1694;1350;15
Giftpfeil;Zielmatrix;Giftpfeil · Zielmatrix;1731;1500;18
Giftpfeil;EMP-Stoß;Giftpfeil · EMP-Stoß;1769;1750;23
Frostpfeil;Blitzpfeil;Frostpfeil · Blitzpfeil;1464;1750;23
Frostpfeil;Pfeilhagel;Frostpfeil · Pfeilhagel;1494;2000;28
Frostpfeil;Falkenruf;Frostpfeil · Falkenruf;1525;2300;34
Frostpfeil;Impulsschuss;Frostpfeil · Impulsschuss;1590;1500;18
Frostpfeil;Reparaturmodul;Frostpfeil · Reparaturmodul;1624;1500;18
Frostpfeil;Energieschild;Frostpfeil · Energieschild;1659;1500;18
Frostpfeil;Teslawelle;Frostpfeil · Teslawelle;1695;1500;18
Frostpfeil;Zielmatrix;Frostpfeil · Zielmatrix;1732;1500;18
Frostpfeil;EMP-Stoß;Frostpfeil · EMP-Stoß;1770;1750;23
Blitzpfeil;Pfeilhagel;Blitzpfeil · Pfeilhagel;1495;2000;28
Blitzpfeil;Falkenruf;Blitzpfeil · Falkenruf;1526;2300;34
Blitzpfeil;Impulsschuss;Blitzpfeil · Impulsschuss;1591;1750;23
Blitzpfeil;Reparaturmodul;Blitzpfeil · Reparaturmodul;1625;1750;23
Blitzpfeil;Energieschild;Blitzpfeil · Energieschild;1660;1750;23
Blitzpfeil;Teslawelle;Blitzpfeil · Teslawelle;1696;1750;23
Blitzpfeil;Zielmatrix;Blitzpfeil · Zielmatrix;1733;1750;23
Blitzpfeil;EMP-Stoß;Blitzpfeil · EMP-Stoß;1771;1750;23
Pfeilhagel;Falkenruf;Pfeilhagel · Falkenruf;1527;2300;34
Pfeilhagel;Impulsschuss;Pfeilhagel · Impulsschuss;1592;2000;28
Pfeilhagel;Reparaturmodul;Pfeilhagel · Reparaturmodul;1626;2000;28
Pfeilhagel;Energieschild;Pfeilhagel · Energieschild;1661;2000;28
Pfeilhagel;Teslawelle;Pfeilhagel · Teslawelle;1697;2000;28
Pfeilhagel;Zielmatrix;Pfeilhagel · Zielmatrix;1734;2000;28
Pfeilhagel;EMP-Stoß;Pfeilhagel · EMP-Stoß;1772;2000;28
Falkenruf;Impulsschuss;Falkenruf · Impulsschuss;1593;2300;34
Falkenruf;Reparaturmodul;Falkenruf · Reparaturmodul;1627;2300;34
Falkenruf;Energieschild;Falkenruf · Energieschild;1662;2300;34
Falkenruf;Teslawelle;Falkenruf · Teslawelle;1698;2300;34
Falkenruf;Zielmatrix;Falkenruf · Zielmatrix;1735;2300;34
Falkenruf;EMP-Stoß;Falkenruf · EMP-Stoß;1773;2300;34
Impulsschuss;Reparaturmodul;Impulsschuss · Reparaturmodul;1629;1000;8
Impulsschuss;Energieschild;Impulsschuss · Energieschild;1664;1200;12
Impulsschuss;Teslawelle;Impulsschuss · Teslawelle;1700;1350;15
Impulsschuss;Zielmatrix;Impulsschuss · Zielmatrix;1737;1500;18
Impulsschuss;EMP-Stoß;Impulsschuss · EMP-Stoß;1775;1750;23
Reparaturmodul;Energieschild;Reparaturmodul · Energieschild;1665;1200;12
Reparaturmodul;Teslawelle;Reparaturmodul · Teslawelle;1701;1350;15
Reparaturmodul;Zielmatrix;Reparaturmodul · Zielmatrix;1738;1500;18
Reparaturmodul;EMP-Stoß;Reparaturmodul · EMP-Stoß;1776;1750;23
Energieschild;Teslawelle;Energieschild · Teslawelle;1702;1350;15
Energieschild;Zielmatrix;Energieschild · Zielmatrix;1739;1500;18
Energieschild;EMP-Stoß;Energieschild · EMP-Stoß;1777;1750;23
Teslawelle;Zielmatrix;Teslawelle · Zielmatrix;1740;1500;18
Teslawelle;EMP-Stoß;Teslawelle · EMP-Stoß;1778;1750;23
Zielmatrix;EMP-Stoß;Zielmatrix · EMP-Stoß;1779;1750;23
